{
    "dh_113900": {
        "mass": 0.23,
        "coupling": 0.0007,
        "crosssection": 2.246042502785529e-05,
        "sumw": 20000,
        "nevents": 1.4212844655501689,
        "nevents_err": 0.01741451134044757
    },
    "dh_113901": {
        "mass": 0.26,
        "coupling": 0.0007,
        "crosssection": 6.015287352260165e-05,
        "sumw": 20000,
        "nevents": 3.905876460006332,
        "nevents_err": 0.04724428092996914
    },
    "dh_113902": {
        "mass": 0.3,
        "coupling": 0.0007,
        "crosssection": 9.286080135290378e-05,
        "sumw": 20000,
        "nevents": 5.1404489500920185,
        "nevents_err": 0.06734084187016642
    },
    "dh_113903": {
        "mass": 0.33,
        "coupling": 0.0007,
        "crosssection": 6.015211872387549e-05,
        "sumw": 20000,
        "nevents": 3.3040957293837567,
        "nevents_err": 0.04345238090824192
    },
    "dh_113904": {
        "mass": 0.4,
        "coupling": 0.0007,
        "crosssection": 1.5073978951387321e-05,
        "sumw": 20000,
        "nevents": 0.7944891346118201,
        "nevents_err": 0.010666445925251896
    },
    "dh_113905": {
        "mass": 0.23,
        "coupling": 0.0006,
        "crosssection": 1.2820517695304263e-05,
        "sumw": 20000,
        "nevents": 0.8020195357239964,
        "nevents_err": 0.009883415587357815
    },
    "dh_113906": {
        "mass": 0.26,
        "coupling": 0.0006,
        "crosssection": 3.656065242249249e-05,
        "sumw": 20000,
        "nevents": 2.3569555797208235,
        "nevents_err": 0.028611753186261753
    },
    "dh_113907": {
        "mass": 0.3,
        "coupling": 0.0006,
        "crosssection": 7.485370039887838e-05,
        "sumw": 20000,
        "nevents": 4.123727781824409,
        "nevents_err": 0.054151866977220166
    },
    "dh_113908": {
        "mass": 0.33,
        "coupling": 0.0006,
        "crosssection": 5.668810725148567e-05,
        "sumw": 20000,
        "nevents": 3.06912247064906,
        "nevents_err": 0.04065508659379459
    },
    "dh_113909": {
        "mass": 0.4,
        "coupling": 0.0006,
        "crosssection": 2.0126025382340747e-05,
        "sumw": 20000,
        "nevents": 1.0640126469008995,
        "nevents_err": 0.01426310914973524
    },
    "dh_113910": {
        "mass": 0.26,
        "coupling": 0.0005,
        "crosssection": 1.983645765748801e-05,
        "sumw": 20000,
        "nevents": 1.2791738085007718,
        "nevents_err": 0.015525966390034653
    },
    "dh_113911": {
        "mass": 0.3,
        "coupling": 0.0005,
        "crosssection": 5.3967141326538404e-05,
        "sumw": 20000,
        "nevents": 3.029472461935897,
        "nevents_err": 0.03941032479861632
    },
    "dh_113912": {
        "mass": 0.33,
        "coupling": 0.0005,
        "crosssection": 4.766904506165881e-05,
        "sumw": 20000,
        "nevents": 2.6048272983492837,
        "nevents_err": 0.034345472535649936
    },
    "dh_113913": {
        "mass": 0.4,
        "coupling": 0.0005,
        "crosssection": 2.3721196707799682e-05,
        "sumw": 20000,
        "nevents": 1.2653479353858046,
        "nevents_err": 0.01688632254670629
    },
    "dh_113914": {
        "mass": 0.3,
        "coupling": 0.0004,
        "crosssection": 3.307586475442945e-05,
        "sumw": 20000,
        "nevents": 1.8161957336657215,
        "nevents_err": 0.023889041887774447
    },
    "dh_113915": {
        "mass": 0.33,
        "coupling": 0.0004,
        "crosssection": 3.406168223132433e-05,
        "sumw": 20000,
        "nevents": 1.874857175058785,
        "nevents_err": 0.02463082415585646
    },
    "dh_113916": {
        "mass": 0.4,
        "coupling": 0.0004,
        "crosssection": 2.352673991366759e-05,
        "sumw": 20000,
        "nevents": 1.2475994908818786,
        "nevents_err": 0.016698608116092178
    },
    "dh_113917": {
        "mass": 0.33,
        "coupling": 0.0003,
        "crosssection": 1.8828476719166628e-05,
        "sumw": 20000,
        "nevents": 1.0299365050151337,
        "nevents_err": 0.013572961626539886
    }
}