{
    "dh_113900": {
        "cls": 0.09715065147422013,
        "cls_exp": 0.1063798971852859,
        "cls_plus1": 0.320181309692599,
        "cls_plus2": 1.0,
        "cls_minus1": 0.028146231449638525,
        "cls_minus2": 0.006609153265086793,
        "cls_err": 5.435235594930532e-13,
        "cls_exp_err": 5.718620021966103e-13,
        "cls_plus1_err": 1.303901431271015e-12,
        "cls_plus2_err": 0.0,
        "cls_minus1_err": 2.7723309758975745e-13,
        "cls_minus2_err": 1.003606919791622e-13
    },
    "dh_113901": {
        "cls": 0.005422093234128825,
        "cls_exp": 0.006122804125925559,
        "cls_plus1": 0.048529792560454255,
        "cls_plus2": 0.23464513524622244,
        "cls_minus1": 0.0005773329236928243,
        "cls_minus2": 4.6709217731233646e-05,
        "cls_err": 1.51954577393143e-12,
        "cls_exp_err": 1.698298619789984e-12,
        "cls_plus1_err": 1.1194413451764973e-11,
        "cls_plus2_err": 3.6681435666707785e-11,
        "cls_minus1_err": 2.409691370053313e-13,
        "cls_minus2_err": 2.3768503441476407e-14
    },
    "dh_113902": {
        "cls": 0.001400949452500926,
        "cls_exp": 0.001596257890519151,
        "cls_plus1": 0.018445262161208186,
        "cls_plus2": 0.12660019026732672,
        "cls_minus1": 0.00010180355989303467,
        "cls_minus2": 5.527177910606526e-06,
        "cls_err": 1.882121845528384e-12,
        "cls_exp_err": 2.123921915078708e-12,
        "cls_plus1_err": 2.0741686146408256e-11,
        "cls_plus2_err": 1.0194589616929761e-10,
        "cls_minus1_err": 1.9328931359120782e-13,
        "cls_minus2_err": 1.591722461030242e-14
    },
    "dh_113903": {
        "cls": 0.010624825185404281,
        "cls_exp": 0.011933847539447621,
        "cls_plus1": 0.07725839625818177,
        "cls_plus2": 0.3106605537704001,
        "cls_minus1": 0.0013906123802751786,
        "cls_minus2": 0.00013975277545751877,
        "cls_err": 2.4921349706108487e-12,
        "cls_exp_err": 2.7548380243658244e-12,
        "cls_plus1_err": 1.4645049062345095e-11,
        "cls_plus2_err": 3.86182752443176e-11,
        "cls_minus1_err": 4.967933616567555e-13,
        "cls_minus2_err": 6.146651113439483e-14
    },
    "dh_113904": {
        "cls": 0.22148975238320395,
        "cls_exp": 0.23871647232769755,
        "cls_plus1": 0.5102338281718808,
        "cls_plus2": 1.0,
        "cls_minus1": 0.09262559145306694,
        "cls_minus2": 0.03256947318531111,
        "cls_err": 2.693678613496786e-13,
        "cls_exp_err": 4.799216579698395e-13,
        "cls_plus1_err": 7.314149286230531e-13,
        "cls_plus2_err": 0.0,
        "cls_minus1_err": 3.9707126475718724e-13,
        "cls_minus2_err": 2.2284951661788455e-13
    },
    "dh_113905": {
        "cls": 0.21917065349627834,
        "cls_exp": 0.2362750742010562,
        "cls_plus1": 0.5073663018156248,
        "cls_plus2": 1.0,
        "cls_minus1": 0.09119344279885556,
        "cls_minus2": 0.03188556244116725,
        "cls_err": 1.6822654380632684e-13,
        "cls_exp_err": 1.652011860642233e-13,
        "cls_plus1_err": 2.5424107263916085e-13,
        "cls_plus2_err": 0.0,
        "cls_minus1_err": 1.3346268534775163e-13,
        "cls_minus2_err": 7.303185833862358e-14
    },
    "dh_113906": {
        "cls": 0.03144218041592418,
        "cls_exp": 0.03494677083495474,
        "cls_plus1": 0.1589367046036369,
        "cls_plus2": 0.4672410925290241,
        "cls_minus1": 0.005916533748804748,
        "cls_minus2": 0.0008734448538968822,
        "cls_err": 1.1847467451531202e-12,
        "cls_exp_err": 1.3186673974985297e-12,
        "cls_plus1_err": 4.7496173660732666e-12,
        "cls_plus2_err": 8.442746501913234e-12,
        "cls_minus1_err": 3.654047550649686e-13,
        "cls_minus2_err": 7.952883143702572e-14
    },
    "dh_113907": {
        "cls": 0.004261460265145215,
        "cls_exp": 0.004820632555078409,
        "cls_plus1": 0.04097296439084071,
        "cls_plus2": 0.21126178680490498,
        "cls_minus1": 0.00042265383106443406,
        "cls_minus2": 3.1744354562843623e-05,
        "cls_err": 2.4257193476096006e-12,
        "cls_exp_err": 2.635257463634577e-12,
        "cls_plus1_err": 1.8981004268336932e-11,
        "cls_plus2_err": 6.651071360330718e-11,
        "cls_minus1_err": 3.4670519493545937e-13,
        "cls_minus2_err": 4.151689978132769e-14
    },
    "dh_113908": {
        "cls": 0.013858154838119193,
        "cls_exp": 0.015529310276325823,
        "cls_plus1": 0.09251125776467857,
        "cls_plus2": 0.34517072865480203,
        "cls_minus1": 0.0019749935148628953,
        "cls_minus2": 0.00021713088084620723,
        "cls_err": 2.497181281202465e-12,
        "cls_exp_err": 2.7923600931512027e-12,
        "cls_plus1_err": 1.3481785132718471e-11,
        "cls_plus2_err": 3.323141761768511e-11,
        "cls_minus1_err": 5.547671697025969e-13,
        "cls_minus2_err": 8.125957047001864e-14
    },
    "dh_113909": {
        "cls": 0.15372099928222058,
        "cls_exp": 0.16697146584981185,
        "cls_plus1": 0.417463115961917,
        "cls_plus2": 1.0,
        "cls_minus1": 0.05426502183483112,
        "cls_minus2": 0.01581528057960644,
        "cls_err": 4.771461004082767e-13,
        "cls_exp_err": 5.040412531798211e-13,
        "cls_plus1_err": 8.714695631795166e-13,
        "cls_plus2_err": 0.0,
        "cls_minus1_err": 3.2756436452174853e-13,
        "cls_minus2_err": 1.4843681839238343e-13
    },
    "dh_113910": {
        "cls": 0.1162901875045537,
        "cls_exp": 0.1269591524961008,
        "cls_plus1": 0.35582721290686725,
        "cls_plus2": 1.0,
        "cls_minus1": 0.03633747227807938,
        "cls_minus2": 0.00926505952927542,
        "cls_err": 4.253403185217053e-13,
        "cls_exp_err": 7.425449144449203e-13,
        "cls_plus1_err": 1.5664691765948646e-12,
        "cls_plus2_err": 0.0,
        "cls_minus1_err": 4.009709231311831e-13,
        "cls_minus2_err": 1.5932741237456582e-13
    },
    "dh_113911": {
        "cls": 0.014495944422989864,
        "cls_exp": 0.016237374088272614,
        "cls_plus1": 0.09535752462431914,
        "cls_plus2": 0.35126843031864835,
        "cls_minus1": 0.0020963591810942025,
        "cls_minus2": 0.0002340660429339337,
        "cls_err": 2.2562281903892867e-12,
        "cls_exp_err": 2.445585400856487e-12,
        "cls_plus1_err": 1.1647807718340175e-11,
        "cls_plus2_err": 2.7753022102672276e-11,
        "cls_minus1_err": 4.865192450298483e-13,
        "cls_minus2_err": 7.628170014054025e-14
    },
    "dh_113912": {
        "cls": 0.023576900822676303,
        "cls_exp": 0.026285329903057878,
        "cls_plus1": 0.1317646277126633,
        "cls_plus2": 0.4217637796340325,
        "cls_minus1": 0.004012235358655822,
        "cls_minus2": 0.0005322525136287372,
        "cls_err": 2.1919827064564856e-12,
        "cls_exp_err": 1.6102570665754712e-12,
        "cls_plus1_err": 9.434508729810887e-12,
        "cls_plus2_err": 1.8557655412365648e-11,
        "cls_minus1_err": 5.778632780617521e-13,
        "cls_minus2_err": 1.1088699403138946e-13
    },
    "dh_113913": {
        "cls": 0.11836683300693715,
        "cls_exp": 0.12918695490189153,
        "cls_plus1": 0.35950523364514686,
        "cls_plus2": 1.0,
        "cls_minus1": 0.03726720676474509,
        "cls_minus2": 0.009580926709453463,
        "cls_err": 6.577932643025974e-13,
        "cls_exp_err": 7.033540416756523e-13,
        "cls_plus1_err": 1.4872547637878597e-12,
        "cls_plus2_err": 0.0,
        "cls_minus1_err": 3.900282874447214e-13,
        "cls_minus2_err": 1.4647484614105366e-13
    },
    "dh_113914": {
        "cls": 0.05976319188890666,
        "cls_exp": 0.06590729129473107,
        "cls_plus1": 0.23856997391587995,
        "cls_plus2": 1.0,
        "cls_minus1": 0.014259705772405606,
        "cls_minus2": 0.0027144771970977408,
        "cls_err": 1.2571541030403921e-12,
        "cls_exp_err": 1.38476730082715e-12,